Concept Name,Concept Description,Concept Question,Possible Responses,Response Guide,Response Mapping
Quality of Service,"This concept refers to the level of service provided by the restaurant staff. This includes attentiveness, friendliness, efficiency, and the overall customer service experience. High-quality service can greatly enhance the dining experience, while poor service could negatively impact it.",How does the review describe the quality of service provided at the restaurant?,"['excellent', 'good', 'poor', 'very poor', 'not mentioned']","{'excellent': 'The review mentions outstanding service, with the staff exceeding expectations in terms of attentiveness, friendliness, and efficiency.', 'good': 'The review indicates that the service was satisfactory, with the staff being generally attentive, friendly, and efficient, but not particularly exceptional.', 'poor': 'The review suggests that the service was below average, due to factors such as lack of attentiveness, friendliness, or efficiency from the staff.', 'very poor': 'The review conveys that the service was very poor, with issues such as careless, rude or inattentive staff, slow service, or significant customer service problems.', 'not mentioned': 'The review does not comment on the quality of service at the restaurant.'}","{'excellent': 2, 'good': 1, 'poor': -1, 'very poor': -2, 'not mentioned': 0}"
Food Quality,"This concept refers to the overall quality, taste, and presentation of the food served at the restaurant. Factors contributing to this include the freshness of ingredients, the creativity and uniqueness of dishes, portion sizes, flavor balance, and how it is plated and served. High-quality food can significantly enhance the dining experience, while poor-quality food can result in dissatisfaction.",What does the review convey about the quality of food served at the restaurant?,"['excellent', 'good', 'mediocre', 'poor', 'very poor', 'not mentioned']","{'excellent': 'Review expresses high praise for food quality, with specific accolades for taste, presentation, creativity and freshness of ingredients, and significantly enhances the dining experience.', 'good': 'Review indicates that food quality was good but not exceptional. The food is satisfying, but does not necessarily have standout qualities.', 'mediocre': 'Review suggests that the food was average, potentially lackluster or absent key aspects that would make it truly enjoyable.', 'poor': 'Review reveals dissatisfaction with food quality, including criticisms about flavor, freshness, and presentation that detracted from the dining experience.', 'very poor': 'Review describes the food as deeply disappointing, with major issues related to taste, presentation, freshness of ingredients, etc., that significantly degraded the dining experience. Strong negative language is used to describe food quality.', 'not mentioned': ""The review does not comment on the quality of food, it's either completely absent or the mentions are too vague to judge.""}","{'excellent': 3, 'good': 2, 'mediocre': 1, 'poor': -1, 'very poor': -2, 'not mentioned': 0}"
Restaurant Ambience,"This concept refers to the overall atmosphere and feel of the restaurant, including factors such as noise level, music, lighting, cleanliness, interior design and decor, table arrangement, etc. A pleasant and comfortable ambience enhances the dining experience, while an unpleasant or uncomfortable setting can detract from it.",How would the reviewer rate the ambience of the restaurant?,"['excellent', 'good', 'poor', 'very poor', 'not mentioned']","{'excellent': 'Review mentions the ambience favorably (e.g., quiet, nice interior design, pleasant music, clean, comfortable seating, etc.)', 'good': 'The review states the ambience was generally good but may mention minor issues.', 'poor': 'Review criticizes elements of the ambience, such as being too noisy, poor lighting, lack of cleanliness, uncomfortable seating, etc.', 'very poor': 'Review strongly criticizes the ambience, indicating a major impact on the dining experience.', 'not mentioned': 'The review does not mention the restaurant ambience at all.'}","{'excellent': 5, 'good': 4, 'poor': 2, 'very poor': 1, 'not mentioned': 3}"
Quality of Dining Experience,"This concept refers to the overall impression left by the entire dining event, considering all elements such as quality of food, service, ambience, value for money, and personal expectations. A quality dining experience leaves the guest satisfied, content, and looking forward to their next visit.",What is the overall quality of the dining experience as described in the review?,"['excellent', 'good', 'average', 'poor', 'very poor', 'not mentioned']","{'excellent': 'The review describes a superb, high-quality dining experience where all expectations were met or exceeded, with no mentioned negatives.', 'good': ""The review describes a good dining experience where most expectations were met. There may be minor negatives mentioned, but they don't significantly detract from the overall positive experience."", 'average': 'The review provides a fair or average dining experience. There may be a balance of positive and negative aspects mentioned, none of which are excessively damaging to the overall impression.', 'poor': 'The review describes a below-par dining experience. There are notable negatives which somewhat overshadow the positive aspects, leading to a general sense of dissatisfaction.', 'very poor': 'The review describes a highly unsatisfactory dining experience. The negatives are severe and significantly outnumber any positives, greatly damaging the overall dining experience.', 'not mentioned': 'The review does not mention or provide sufficient information about the overall dining experience.'}","{'excellent': 5, 'good': 4, 'average': 3, 'poor': 2, 'very poor': 1, 'not mentioned': 0}"
Value for Money,"The concept 'Value for Money' refers to the perceived value customers get from the food, service, ambiance, or overall dining experience relative to the amount they paid. This considers the pricing of the menu, the quantity and quality of the food, level of service, and restaurant environment. A high value for money means customers feel they received an experience or products that were worth or exceeded what they paid for, while a low value for money suggests dissatisfaction with the experience or products in relation to the price paid.",What does the review suggest about the value for money at the restaurant?,"['excellent', 'good', 'average', 'poor', 'very poor', 'not mentioned']","{'excellent': ""The review suggests that the customer received a dining experience or products that significantly exceeded the price they paid. Phrases like 'worth every penny', 'a steal', 'a bargain', 'unbelieveble value' might indicate this."", 'good': ""The review suggests that the customer received a dining experience or products that was worth the price they paid. Phrases like 'fair price', 'reasonably priced', 'good value for the amount paid' might indicate this."", 'average': ""The review suggests that the customer feels the dining experience or products were fairly priced or average in terms of value for money. Phrases like 'not cheap, but not expensive', 'you get what you pay for', 'average value', 'standard pricing' might indicate this."", 'poor': ""The review suggests that the customer feels the dining experience or products were not worth the price they paid. Phrases like 'not worth the price', 'overpriced', 'could be cheaper', 'expensive for what you get' might indicate this."", 'very poor': ""The review suggests that the customer strongly feels that the dining experience or products were significantly overpriced. Phrases like 'not at all worth the money', 'extortionate', 'rip off', 'grossly overpriced' might indicate this."", 'not mentioned': 'The review does not directly mention or suggest anything about the value for money.'}","{'excellent': 2, 'good': 1, 'average': 0, 'poor': -1, 'very poor': -2, 'not mentioned': 0}"
Menu Variety,"Menu Variety refers to the range of choices offered in the restaurant's menu. This may include the availability of different cuisines, dishes, dietary options (vegan, gluten-free, etc.), drinks and desserts. A diverse menu can cater to various customer preferences and dietary needs, enhancing the overall dining experience.",What does the review say about the variety of choices in the restaurant's menu?,"['excellent', 'good', 'average', 'poor', 'not mentioned']","{'excellent': 'Review notably appreciates and mentions the wide range and variety of food and drink options available on the menu.', 'good': 'Review mentions variety in the menu but does not extensively highlight or appreciate it.', 'average': 'Review suggests that the menu variety is neither particularly impressive nor lacking, or rather, it meets general expectations without standing out.', 'poor': ""Review mentions a clear lack of variety or limited choices in the restaurant's menu. It may include lack of dietary options or similar repetitive dishes."", 'not mentioned': ""The review does not mention anything about the restaurant's menu variety.""}","{'excellent': 1, 'good': 0.75, 'average': 0.5, 'poor': -1, 'not mentioned': 0}"
Problem with Payment or Billing,"This concept refers to any problems, errors, or issues related to the payment or billing process in a restaurant. This includes being overcharged, errors in the bill, refusal to accept certain types of payment (for example, gift cards), being charged for items not ordered or consumed, and so on. Such issues can significantly undermine a customer's dining experience and influence their overall rating.",Does the reviewer mention any issues with the payment or billing process?,"['Yes, Negative experience', 'Yes, Neutral experience', 'Yes, Positive Experience', 'No', 'Uncertain']","{'Yes, Negative experience': 'The reviewer mentions a problem or issue with the payment or billing process and expresses dissatisfaction or frustration. For example, they were overcharged, or their gift card was not accepted when it should have been, and they voice negative sentiment about this.', 'Yes, Neutral experience': 'The reviewer mentions a problem or issue with the payment or billing process, but does not particularly express a strong positive or negative sentiment about it. For example, they point out a minor mistake in the bill that was quickly corrected.', 'Yes, Positive Experience': 'The reviewer mentions a problem or issue with the payment or billing process, but also notes that it was subsequently handled well/resolved or did not significantly impact their overall dining experience. For example, they were initially charged wrong but commend the swift and courteous correction.', 'No': 'The reviewer does not mention any issues or experiences related to the payment or billing process.', 'Uncertain': 'It is not clear or not enough information is provided to determine whether the reviewer experienced any issues with the payment or billing process.'}","{'Yes, Negative experience': -2, 'Yes, Neutral experience': 0, 'Yes, Positive Experience': 2, 'No': 1, 'Uncertain': 0}"
Customer dissatisfaction,"Customer dissatisfaction refers to instances where the customer had expectations that were not met, leaving them dissatisfied with their dining experience. This could include complaints about food quality, service, cleanliness, ambiance, wait times, price, or any other aspect that fell short of their expectations.",To what extent does the review express dissatisfaction about the dining experience?,"['extreme dissatisfaction', 'major dissatisfaction', 'minor dissatisfaction', 'no dissatisfaction', 'uncertain']","{'extreme dissatisfaction': 'The review expresses extreme dissatisfaction about multiple aspects of the dining experience.', 'major dissatisfaction': 'The review expresses significant dissatisfaction about one or more aspects but not to an extreme degree.', 'minor dissatisfaction': 'The review expresses slight dissatisfaction but not to a significant degree.', 'no dissatisfaction': 'The review does not express any dissatisfaction about the dining experience.', 'uncertain': 'It is unclear whether the reviewer is dissatisfied, or the review does not provide enough information to determine this.'}","{'uncertain': 0, 'minor dissatisfaction': 1, 'major dissatisfaction': 2, 'extreme dissatisfaction': 3, 'no dissatisfaction': -1}"
Restaurant Location,"This concept refers to the customers' impression or comments about the restaurant's location. This could consider aspects such as the convenience of the location, the attractiveness of the surrounding area, ease of parking or transportation access, and any related factors. The location can significantly contribute to a customer's dining experience",What is the sentiment conveyed about the restaurant's location in the review?,"['positive', 'negative', 'neutral', 'not mentioned', 'uncertain']","{'positive': ""The customer expresses a positive sentiment about the restaurant's location. They may mention convenience, attractiveness, good parking or transport access, a scenic view, or other beneficial features."", 'negative': ""The customer expresses a negative sentiment about the restaurant's location. This could be due to a difficult-to-reach or inconvenient location, poor parking or transport access, an unattractive surrounding area, or other problematic features."", 'neutral': ""The customer mentions the restaurant's location, but does not express a clearly positive or negative sentiment. The comment may be a simple statement of fact, such as 'it's in downtown', without further elaboration."", 'not mentioned': ""The customer does not mention the restaurant's location at all."", 'uncertain': ""The customer's sentiment about the restaurant's location is unclear, ambiguous, or mixed. They may mention both positive and negative aspects, or their comment may be vague or hard to interpret.""}","{'positive': 2, 'negative': -2, 'neutral': 0, 'not mentioned': -1, 'uncertain': 1}"
Timeliness of Service,"This concept refers to how prompt and timely the services in the restaurant are. It includes, but is not limited to, the time taken from placing the order to the delivery of the food, the response times of the waitstaff, and the handling of any issues or requests.",What does the review say about the promptness of the service in the restaurant?,"['very quick', 'on-time', 'normal', 'slow', 'very slow', 'not mentioned']","{'very quick': 'The service was exceptionally quick, and wait times were minimal.', 'on-time': 'The service was on time and met general expectations for restaurant service.', 'normal': 'The service was normal, nothing extraordinary in terms of speed.', 'slow': 'The service was slower than expected, causing minor inconvenience or delays.', 'very slow': 'The service was very slow, causing major inconvenience or extended waits.', 'not mentioned': 'The review does not mention the timing or speed of service.'}","{'very quick': 2, 'on-time': 1, 'normal': 0, 'slow': -1, 'very slow': -2, 'not mentioned': 0}"
Waitstaff's Attitude,"Waitstaff's Attitude refers to the perceptions or comments about the behavior and attitude of the restaurant's waitstaff towards customers. Important factors include their friendliness, respectfulness, responsiveness, and general demeanor. If the waitstaff is perceived as rude, uninterested, or having a poor attitude, it could significantly negatively impact a customer's dining experience.",What comments does the review make about the attitude and behavior of the waitstaff?,"['very positive', 'positive', 'neutral', 'negative', 'very negative', 'not mentioned']","{'very positive': 'Review mentions the staff as exceptionally friendly, attentive, and pleasant. For example, the staff may be praised for going above and beyond their duties, offering exceptional service, or treating customers with exceptional care and respect.', 'positive': 'Review mentions the staff as polite, helpful, or competent in their job. For instance, the staff may be commended for their prompt service, helpful suggestions, or professional demeanor.', 'neutral': 'Review either doesn’t mention the staff or doesn’t specifically comment on their attitude. There are no particularly positive or negative comments about the staff.', 'negative': ""Review mentions the staff as somewhat rude, unattentive, disinterested, slow, or making minor mistakes. For example, the staff may be criticized for late service, lack of attention to the customer's needs, or a slightly indifferent attitude."", 'very negative': ""Review mentions the staff as extremely rude, disrespectful, making inappropriate comments, or largely contributing to a negative dining experience. The staff's attitude or behavior is stated as a major drawback of the dining experience."", 'not mentioned': ""The review does not mention the staff's attitude or behavior at all, or it’s not clear from the review.""}","{'very positive': 2, 'positive': 1, 'neutral': 0, 'negative': -1, 'very negative': -2, 'not mentioned': 0}"
Food Authenticity,"This concept refers to the customers' perception of the authenticity of the food served at the restaurant. Characteristics such as the complexity of the taste, the genuineness of the ingredients, presentation, and cooking techniques contribute to this perception.",How does the review describe the authenticity of the food served at the restaurant?,"['very authentic', 'somewhat authentic', 'not authentic', 'not mentioned', 'uncertain']","{'very authentic': 'Review indicates that the food closely replicates the traditional properties of the cuisine, such as using traditional cooking techniques and ingredients, and presenting dishes in a manner consistent with the cuisine tradition.', 'somewhat authentic': 'Review suggests that the food attempts to replicate traditional characteristics but may have some modern variations or regional adaptations, possibly in ingredients used, cooking techniques, or in presentation.', 'not authentic': 'Review indicates a departure from the traditional characteristics of the cuisine. This could be due to usage of non-traditional ingredients, cooking methods, or a lack in the complexity of tastes associated with the claimed cuisine.', 'not mentioned': 'The review does not comment on or give any indication about the authenticity of the food served.', 'uncertain': 'The review is ambiguous or unclear about the authenticity of the food. Statements could be interpreted in multiple ways or the reviewer maybe undecided themselves.'}","{'very authentic': 2, 'somewhat authentic': 1, 'not authentic': -2, 'not mentioned': 0, 'uncertain': -1}"
Customer Return Intention,The concept 'Customer Return Intention' refers to expressions or indications from the customer about their intention to return to the restaurant in the future. This information can be vital for predicting customer satisfaction and loyalty.,What indication does the review give about the customer's intention to return to the restaurant?,"['definitely will return', 'likely will return', 'undecided', 'unlikely to return', 'definitely will not return']","{'definitely will return': ""The review clearly states ('I'll definitely be back') or strongly implies through satisfaction and praises ('The food was amazing, can't wait to try more of their menu') that the customer intends to return to the restaurant."", 'likely will return': ""The review makes positive comments about the restaurant ('The service was good') and suggests that the customer is likely to return, though this is not explicitly stated."", 'undecided': ""The review provides no clear indication or mixed feelings about whether or not the customer intends to return ('The food was great but service could be improved')."", 'unlikely to return': ""The review has more negative comments about the restaurant ('The food was cold') and suggests that the customer may not return, though this doesn't clearly state so."", 'definitely will not return': ""The review clearly states ('I won't be coming back') or strongly implies through dissatisfaction and complaints ('The order was messed up and server was rude') that the customer does not intend to return to the restaurant.""}","{'definitely will return': 5, 'likely will return': 4, 'undecided': 3, 'unlikely to return': 2, 'definitely will not return': 1}"
Billing Transparency,"Billing Transparency refers to the clarity in the restaurant's pricing and billing practices. This includes whether the menu clearly lists the prices of all items and whether any additional charges (like service charge, gratuity) are clearly mentioned upfront. Lack of transparency in billing may lead to unpleasant surprises and negative customer experiences.",How clearly are the prices and additional charges presented in the restaurant according to the review?,"['very transparent', 'transparent', 'not transparent', 'very unclear', 'not mentioned']","{'very transparent': 'Review mentions that all prices and additional charges are clearly stated upfront. No hidden charges or unexpected costs were added.', 'transparent': 'Review mentions that while most prices are clear, there were no surprise charges added to the bill.', 'not transparent': 'Review implies or explicitly states that while they were aware of prices, the additional charges were not clear, causing some dissatisfaction.', 'very unclear': 'Review states that both pricing and additional charges were misleading or not disclosed at all, resulting in a strongly negative experience.', 'not mentioned': 'The review does not mention anything about the billing or pricing practices.'}","{'very transparent': 2, 'transparent': 1, 'not transparent': -1, 'very unclear': -2, 'not mentioned': 0}"
Food Presentation,"The aesthetic arrangement or layout of the food on the plate or in the serving vessel, including color balance, garnish use, and overall visual appeal. The presentation can influence a diner's satisfaction and perception of the restaurant's attention to detail.",What does the review mention about the food's presentation?,"['highly pleasing', 'pleasing', 'average', 'unpleasing', 'highly unpleasing', 'not mentioned', 'uncertain']","{'highly pleasing': 'The review specifically praises the presentation of the food as exceptional or extraordinary.', 'pleasing': 'The review mentions the food presentation positively, indicating it meets expectations.', 'average': 'The review suggests the food presentation was typical or standard, and does not particularly comment on its visual appeal.', 'unpleasing': 'The review has negative remarks about the food presentation, suggesting dissatisfaction with its visual appeal.', 'highly unpleasing': 'The review strongly criticizes the food presentation, indicating significant disappointment in its visual appeal.', 'not mentioned': 'The review does not contain any specific mentions of the food presentation.', 'uncertain': 'The review contains comments about the food presentation, but they are unclear, ambiguous, or lack sufficient context.'}","{'highly pleasing': 3, 'pleasing': 2, 'average': 1, 'unpleasing': -2, 'highly unpleasing': -3, 'not mentioned': 0, 'uncertain': 0}"
Quality of Waiting Area,"'Quality of Waiting Area' refers to the comfort, cleanliness, and overall appeal of the area that customers wait in before being seated. Factors contributing to this include the available seating, cleanliness of the area, facility upkeep, and the duration of wait in this area. A well-kept and comfortable waiting area can enhance the customer's initial impression of the restaurant, while a poorly managed waiting area can detract from it.",How does the review describe the quality of the restaurant's waiting area?,"['excellent', 'good', 'average', 'poor', 'very poor', 'not mentioned']","{'excellent': 'The review praises the waiting area for being comfortable, clean, well-maintained, and visually appealing.', 'good': 'The review finds the waiting area satisfactory and mentions it has been adequately maintained.', 'average': 'The review has mixed feelings about the waiting area, describing it as neither outstanding nor poor.', 'poor': 'The review expresses disappointment with the waiting area, criticizing it for being poorly maintained or lacking necessary standards.', 'very poor': 'The review heavily criticizes the waiting area, mentioning serious issues like uncleanliness, lack of comfort, or poor overall condition.', 'not mentioned': 'The review does not mention the quality of the waiting area at all.'}","{'excellent': 2, 'good': 1, 'average': 0, 'poor': -1, 'very poor': -2, 'not mentioned': 0}"
Food Pricing,"The concept 'Food Pricing' refers to customers' comments or impressions about the prices of food items in the restaurant. This could include whether they found the prices reasonable, high, or low considering the quality, portion sizes, and taste of the food served.",What does the review say about the pricing of the food in the restaurant?,"['very reasonable', 'reasonable', 'overpriced', 'extremely overpriced', 'uncertain', 'not mentioned']","{'very reasonable': 'Review indicates that prices were very reasonable and affordable considering the quality, portion sizes, and taste of the food.', 'reasonable': 'Review suggests that the prices were fair or acceptable given the food quality, portion sizes, and taste.', 'overpriced': 'Review indicates that the customer found the food to be overpriced, suggesting that the price is not commensurate with the quality, portion size, or taste of the dishes.', 'extremely overpriced': 'Review implies extreme dissatisfaction with the cost of food items, indicating the customer feels the prices are exceedingly high in relation to the quality, portion sizes, and taste.', 'uncertain': 'The review is unclear, ambiguous, or lacks sufficient context about the pricing of the food.', 'not mentioned': 'The review does not mention the pricing of the food at all.'}","{'very reasonable': 2, 'reasonable': 1, 'overpriced': -1, 'extremely overpriced': -2, 'uncertain': 0, 'not mentioned': 0}"
Food Portion Size,"Food Portion Size refers to the customers' perception about the amount or quantity of food that is served per dish or course. The adequacy of the portion size, considering the price and the type of restaurant, can significantly impact the customer's dining satisfaction, and influence their overall rating.",What is the reviewer's sentiment regarding the portion size if they mention it?,"['large', 'adequate', 'small', 'not mentioned']","{'large': 'The reviewer comments positively about the portion size, mentioning that it was large or more than expected.', 'adequate': 'The reviewer comments neutrally or positively about the portion size, indicating that it was just right or adequate.', 'small': 'The reviewer comments negatively about the portion size, mentioning that it was small or less than expected.', 'not mentioned': 'The reviewer does not mention anything about the portion size in the restaurant review.'}","{'large': 2, 'adequate': 1, 'small': -1, 'not mentioned': 0}"
